{
    "SineBenchmark": {
        "BelNet(K=4, P=(32, 1), Q=(32, 1))": {
            "loss/test": 0.8246064186096191,
            "loss/train": 8.111383438110352
        },
        "DeepONet(branch=(1024, 32), trunk=(1024, 32), basis=128)": {
            "0": {
                "loss/test": 5.8343024253845215,
                "loss/train": 103.99913024902344
            },
            "1": {
                "loss/test": 24639.38671875,
                "loss/train": 194.709228515625
            },
            "timestamp": 1709625433.42799
        },
        "DeepONet(branch=(32, 3), trunk=(32, 3), basis=8)": {
            "0": {
                "loss/test": 0.16365987062454224,
                "loss/train": 1.6786936521530151
            },
            "1": {
                "loss/test": 0.19520947337150574,
                "loss/train": 1.7996667623519897
            },
            "timestamp": 1709625324.516248
        },
        "NeuralOperator(depth=3, kernel=(32, 3))": {
            "loss/test": 0.13846467435359955,
            "loss/train": 1.668128252029419
        }
    }
}
